{
  "version": "2024.1",
  "applications": [],
  "platforms": [
    {
      "name": "platform"
    }
  ],
  "systems": [
    {
      "name": "XADC_demo_system",
      "platform": "C:/MicroZed_projects/XADC_tutorial/XADC_tutorial_sw/platform/export/platform/platform.xpfm",
      "sysConfig": "platform",
      "buildConfig": "Debug",
      "applications": [
        {
          "name": "XADC_demo",
          "platform": "C:/MicroZed_projects/XADC_tutorial/XADC_tutorial_sw/platform/export/platform/platform.xpfm",
          "platformPath": "C:\\MicroZed_projects\\XADC_tutorial\\XADC_tutorial_sw\\platform\\export\\platform",
          "sysConfig": "platform",
          "domain": "freertos10_xilinx_domain",
          "system": "XADC_demo_system"
        }
      ],
      "platformPath": "C:\\MicroZed_projects\\XADC_tutorial\\XADC_tutorial_sw\\platform\\export\\platform"
    }
  ],
  "others": []
}